20912	set(['2001:40d0::/32'])
6666	set(['2001:4068::/32'])
6722	set(['3ffe:2f00::/24'])
10109	set(['2001:d60::/32', '3ffe:81b0::/28', '2001:3f8::/32'])
20569	set(['2001:8b8::/32'])
29216	set(['3ffe:3::/48', '2001:7fe::/32'])
28855	set(['2001:1b78::/32'])
4780	set(['2001:cd8::/32'])
3557	set(['2001:4f8::/32', '2001:500::/48'])
3257	set(['2001:668::/32'])
7516	set(['2001:3c0::/35'])
7514	set(['2001:2f0::/32', '2001:2f0::/35'])
20965	set(['2001:798::/32'])
8903	set(['2001:ac0::/32'])
1798	set(['2001:580::/32'])
2914	set(['2001:218::/32', '2001:728::/32', '2001:418::/32'])
2915	set(['2001:228::/35'])
2852	set(['2001:718::/32'])
1797	set(['2001:1328::/32'])
22166	set(['2001:4d8::/35'])
10204	set(['2001:c18::/32'])
12702	set(['3ffe:2500::/24', '2001:600::/32'])
5466	set(['2001:bb0::/32'])
4736	set(['2001:c78::/32'])
{2884,7860,8111,15296,26677}	set(['2001:410::/32'])
293	set(['2001:400::/32', '2001:400::/35', '3ffe:700::/24'])
8237	set(['2001:1558::/32'])
3776	set(['2001:1958::/32'])
4651	set(['2001:c38::/32'])
278	set(['3ffe:8070::/28', '2001:448::/32'])
4555	set(['3ffe::/24', '2001:478:65::/48', '2001:478::/45', '3ffe:800::/24'])
6389	set(['3ffe:2900:3::/48'])
5417	set(['2001:980::/32'])
5410	set(['2001:860::/32'])
2549	set(['3ffe:82f0::/28'])
5418	set(['2001:838:32e::/48'])
2381	set(['2001:4e0::/32'])
18185	set(['2001:f18::/32'])
18083	set(['3ffe:501:1844::/48', '2001:200:12d::/48'])
12793	set(['2001:870::/32'])
15589	set(['2001:750::/32', '2001:b40::/32', '3ffe:8170::/28'])
8665	set(['2001:1b20::/32'])
20745	set(['3ffe:8300::/28', '2001:1678::/32'])
8514	set(['2001:9f8::/32'])
9150	set(['2001:4018::/32'])
20621	set(['2001:aa8::/32'])
25232	set(['2001:16f8::/32'])
109	set(['2001:420::/35', '3ffe:c00::/24', '2002::/16'])
9844	set(['2001:390::/35'])
21202	set(['2001:9c8::/32'])
6939	set(['3ffe:1200:3028::/48', '2001:470::/32', '3ffe:81d0::/28'])
8121	set(['2001:1868::/32'])
2042	set(['3ffe:80d0::/28', '2001:328::/32'])
33	set(['3ffe:1200::/24'])
11630	set(['2001:4b0::/35', '2001:4b0::/32'])
31079	set(['2001:4050::/32'])
29629	set(['2001:1628::/32'])
30071	set(['2001:470:112::/48', '3ffe:401d::/32', '3ffe:4010:a00e::/48'])
1248	set(['2001:490::/35'])
29623	set(['2001:7f8:22::/48'])
22548	set(['2001:12ff::/32'])
2614	set(['2001:b30::/32'])
2611	set(['2001:6a8::/32'])
15685	set(['2001:1528::/32'])
11340	set(['3ffe:400f::/32', '2001:1310::/32'])
8469	set(['2001:1440::/32'])
3292	set(['2001:6c8::/32'])
6435	set(['2001:1888::/32'])
12565	set(['2001:1548::/32'])
12337	set(['2001:780::/32'])
16531	set(['2001:1200::/32'])
15717	set(['2001:9e8::/32', '2001:7b0::/32'])
15861	set(['2001:bc0::/32'])
4777	set(['2001:dc0::/35'])
13645	set(['2001:5b8::/32'])
10566	set(['3ffe:b00::/24', '2001:5c0::/32'])
6619	set(['2001:330::/32'])
12199	set(['3ffe:8090::/28'])
11537	set(['2001:468::/32', '3ffe:3700::/24'])
29243	set(['2001:1430::/32'])
13058	set(['2001:1560::/32'])
13110	set(['2001:4020::/32', '3ffe:400c::/32'])
16034	set(['2001:40a0::/32'])
25152	set(['2001:7fd::/32'])
16215	set(['2001:1b50::/32'])
559	set(['2001:620::/32', '3ffe:2000::/24', '2002::/16'])
24973	set(['2001:880::/32'])
553	set(['2001:7c0::/32'])
4618	set(['3ffe:400b::/32', '3ffe:b00:4050::/48', '2001:c00::/32'])
12931	set(['2001:14e0::/32'])
6895	set(['2001:7f8:f::/48'])
17828	set(['2001:c60::/32'])
7670	set(['2001:2a8::/35', '2001:2a8::/32'])
7671	set(['3ffe:8250::/28', '2001:350::/32'])
5459	set(['2001:618:a::/48', '2001:7f8:4::/48'])
3344	set(['3ffe:4005::/32'])
1759	set(['2001:788::/32'])
1752	set(['2001:618::/32', '3ffe:2c00::/24', '2002::/16', '2001:7f8:2::/48'])
15444	set(['2001:1a90::/32'])
15440	set(['2001:900::/32'])
9112	set(['3ffe:8320::/28', '2001:808::/32'])
20704	set(['2001:1408::/32'])
1275	set(['3ffe:400::/24'])
5539	set(['2001:608::/32'])
21155	set(['2001:828::/32'])
3333	set(['2001:610:240::/42'])
2128	set(['2001:770:80::/48', '2001:7f8:18::/48'])
17263	set(['2001:1818::/32'])
8763	set(['2001:608:6::/48'])
24875	set(['2001:968::/32'])
15498	set(['2001:628:14f9::/48'])
680	set(['2001:638::/32'])
2594	set(['2001:1a60::/32'])
137	set(['2001:760::/32', '2001:760::/35'])
8015	set(['2001:18c8::/32'])
24	set(['2001:4d0:a100::/40'])
12371	set(['2001:14d8::/32'])
12871	set(['2001:838::/32'])
1835	set(['2001:878::/32'])
5623	set(['3ffe:1d00::/24'])
28747	set(['2001:1598::/32'])
9687	set(['2001:220:806::/48'])
5381	set(['2001:840::/32'])
3836	set(['3ffe:4016::/32'])
5385	set(['2001:af8::/32'])
20900	set(['2001:1b08::/32'])
17715	set(['2001:ca0::/32', '3ffe:4005:a::/48', '3ffe:3600::/24', '3ffe:400b:6002::/48'])
17717	set(['2001:288::/32'])
9701	set(['2001:c98::/32'])
3249	set(['2001:7d0::/32'])
3248	set(['2001:858::/32'])
12533	set(['3ffe:4003::/32', '2001:16a8::/32'])
3243	set(['3ffe:4000::/32', '2001:8a0::/32'])
3246	set(['2001:6e8::/32'])
25492	set(['2001:4088::/32'])
7522	set(['2001:318::/32'])
378	set(['2001:bf8::/32'])
7521	set(['2001:3a0::/32', '3ffe:82a0::/28'])
8970	set(['2001:a48::/32'])
8973	set(['3ffe:4008::/32'])
8975	set(['2001:a70::/32'])
2907	set(['2001:2f8::/32'])
2905	set(['2001:588::/32'])
15623	set(['2001:8a8::/32'])
12902	set(['2001:9c0::/32'])
145	set(['3ffe:2800::/24'])
12731	set(['2001:868::/32'])
16091	set(['3ffe:400a::/32'])
81	set(['3ffe:82c0::/28'])
6163	set(['2001:ec8::/32'])
3301	set(['2001:1b70::/32'])
29449	set(['2001:15a8::/32'])
21501	set(['2001:830::/32'])
790	set(['2001:670::/32'])
4725	set(['2001:cd0::/32', '2001:278::/32'])
6661	set(['2001:7e8::/32'])
4721	set(['2001:c30::/32'])
1653	set(['2001:6b0::/32'])
8758	set(['3ffe:4006::/32', '2001:8e0::/32'])
3748	set(['3ffe:2e00::/24', '2001:230::/35'])
3662	set(['2001:ce0::/32'])
25538	set(['2001:1410::/32'])
13944	set(['2001:4f0::/32', '3ffe:4010::/32'])
21119	set(['2001:a90::/32'])
18181	set(['2001:d48::/32'])
3741	set(['2001:18b0::/32', '2001:548:1010::/48'])
4621	set(['2001:3c8::/32'])
16245	set(['2001:1448::/32'])
16713	set(['2001:5e0::/32'])
11085	set(['2001:18a8::/32'])
5408	set(['2001:648::/32', '2001:648::/35'])
8728	set(['2001:1b28::/32'])
513	set(['2001:1458::/32'])
8501	set(['2001:b10:c000::/35'])
2595	set(['2001:848::/32', '3ffe:1066::/48'])
3597	set(['3ffe:401a::/32', '2001:1318::/32'])
1221	set(['2001:360:4004::/48', '2001:360:4006::/48', '2001:360:4003::/48', '2001:360::/32', '2001:360:4002::/48', '2001:360:4009::/48', '2001:360:4008::/48', '2001:360:4005::/48', '2001:360:4007::/48', '2001:360:4001::/48'])
8943	set(['2001:ba8::/32'])
4673	set(['2001:c80::/32'])
15557	set(['3ffe:82e0::/28'])
4436	set(['2001:590::/32'])
5669	set(['2001:aa0::/32'])
4538	set(['3ffe:3200::/24', '2001:250::/32'])
{7860}	set(['2001:410::/35'])
29155	set(['3ffe:200::/24'])
{20727}	set(['2001:9a8::/32'])
20834	set(['3ffe:8270::/28', '2001:a08::/32'])
2110	set(['2001:7c8::/32'])
6360	set(['2001:468:1c00::/40'])
29657	set(['3ffe:2c03::/32', '3ffe:401c::/32'])
8591	set(['2001:15c0::/32'])
{5397}	set(['2001:a30::/32'])
10013	set(['3ffe:8200::/28', '2001:3e0::/32'])
9622	set(['2001:e90::/32'])
9621	set(['2001:d28::/32'])
20646	set(['2001:8d0::/32'])
8473	set(['2001:9b0::/32'])
8472	set(['2001:740::/32'])
13	set(['2001:500:1::/48'])
13193	set(['2001:7a8::/32'])
24587	set(['2001:1460::/32'])
17965	set(['3ffe:8330::/28', '2001:250:f007::/48'])
22335	set(['3ffe:1700::/24'])
13046	set(['2001:1af0::/32'])
31383	set(['2001:4038::/32'])
15709	set(['2001:928::/32'])
14654	set(['2001:4b8::/35'])
15703	set(['2001:9a0::/32'])
29377	set(['2001:1438::/32'])
12611	set(['2001:16e0::/32'])
9758	set(['2001:ef8::/32'])
8767	set(['2001:a60::/32'])
20495	set(['2001:15c8::/32'])
8925	set(['2001:ae0::/32'])
24730	set(['2001:15b8::/32'])
8921	set(['2001:988::/32'])
13272	set(['2001:1bf0::/32'])
6706	set(['2001:1508::/32'])
3303	set(['2001:918::/32', '2001:1428::/32'])
18306	set(['2001:e60:ffff::/48'])
12956	set(['2001:1820::/32', '2001:1498::/32'])
209	set(['2001:428::/35'])
2518	set(['2001:260::/32'])
7668	set(['2001:308::/32'])
17933	set(['3ffe:8360::/28'])
14277	set(['3ffe:8130::/28', '2001:490::/32'])
17934	set(['2001:e38::/32'])
71	set(['3ffe:4015::/32'])
3352	set(['2001:800::/32'])
29188	set(['2001:4048::/32'])
17832	set(['2001:2b8:de::/48', '2001:2b8:b2::/48', '2001:2b8:82::/48', '2001:2b8:e6::/48', '2001:2b8:b8::/48', '2001:dc5:a::/48', '2001:2b8:d0::/48', '2001:2b8:e2::/48', '2001:2b8:cc::/48', '2001:2b8:dc::/48', '2001:2b8:b6::/48', '2001:2b8:d4::/48', '2001:2b8:380::/48', '2001:2b8:96::/48', '2001:2d8::/32', '2001:2b8:ea::/48', '2001:2b8:c4::/48', '2001:2b8:ed::/48', '2001:2b8:a1::/48', '2001:2b8:80::/48', '2001:2b8:9d::/48', '2001:2b8:a8::/48', '2001:2b8:b4::/48', '2001:2b8:a4::/48', '2001:2b8:ae::/48', '2001:2b8:c8::/48', '2001:2b8:ca::/48', '2001:2b8::/32', '2001:2b8:a2::/48', '2001:2b8:282::/48', '2001:2b8:e0::/48', '2001:2b8:92::/48', '2001:2b8:2::/48', '2001:2b8:ba::/48', '2001:2b8:ce::/48', '2001:2b8:90::/48', '2001:2b8:da::/48', '2001:2b8:c2::/48', '2001:2b8:be::/48', '2001:2b8:e8::/48', '2001:2b8:ac::/48', '2001:2b8:98::/48', '2001:2b8:d6::/48', '2001:2b8:b0::/48', '2001:2b8:e4::/48', '2001:2b8:9c::/48', '2001:2b8:bc::/48', '3ffe:831f::/32', '2001:2b8:eb::/48', '2001:2b8:dd::/48', '2001:2b8:94::/48', '2001:2b8:c6::/48', '2001:2b8:c0::/48', '2001:2b8:ec::/48', '2001:2b8:d2::/48', '2001:dc5::/32'])
7665	set(['2001:d50::/32'])
7667	set(['2001:200:600::/40', '2002::/16'])
4716	set(['2001:2a0::/35', '2001:2c8::/35', '2001:2a0::/32'])
4717	set(['2001:d30::/32'])
4713	set(['2001:380::/32'])
7065	set(['2001:5a8::/32'])
4718	set(['2001:200:a00::/40', '2001:da0::/32'])
25484	set(['2001:1638::/32'])
15450	set(['3ffe:4012::/32'])
8256	set(['2001:b10::/33'])
8251	set(['2001:9b8::/32'])
668	set(['3ffe:8220::/28', '2001:480::/32'])
17579	set(['2001:320::/32'])
20847	set(['2001:1690::/32'])
15516	set(['2001:14d0::/32'])
18084	set(['2001:cc8::/32'])
2527	set(['2001:3b8::/32', '3ffe:50f::/32'])
4678	set(['2001:340::/32', '2001:340::/35'])
4677	set(['2001:3d0::/35'])
4675	set(['2001:338::/35'])
17846	set(['2001:290::/32'])
7610	set(['2001:208::/32', '3ffe:1600::/24'])
10015	set(['2001:c70::/32'])
15997	set(['2001:40f0::/32'])
1916	set(['2001:12f0::/32'])
8657	set(['2001:15d8::/32'])
9270	set(['2001:220::/35', '2001:220:1020::/48', '2001:220::/32', '3ffe:8040::/28'])
31479	set(['2001:4030::/32'])
2386	set(['2001:1890:1101::/48'])
23609	set(['2001:db0::/32'])
9821	set(['2001:d18::/32'])
21269	set(['3ffe:2029::/48'])
5617	set(['3ffe:4019::/32'])
7530	set(['3ffe:504::/32', '3ffe:501:407::/48', '2001:200:c00::/40'])
7687	set(['2001:cb8::/32'])
7684	set(['2001:e40::/32'])
7682	set(['2001:398::/32'])
3825	set(['2001:2b0::/32'])
8517	set(['2001:a98::/32'])
3582	set(['3ffe:1500::/24'])
3274	set(['3ffe:2600::/24'])
8447	set(['2001:890::/32'])
26415	set(['2001:503:a83e::/48'])
17709	set(['2001:f10::/32'])
3	set(['3ffe:1ce1::/32'])
7539	set(['2001:c58:a000::/35', '2001:e10::/32'])
2510	set(['2001:258::/32', '2001:258::/35'])
8966	set(['2001:8f8::/32'])
24776	set(['3ffe:4017::/32', '2001:1650::/32'])
16128	set(['2001:14c8::/32'])
6175	set(['3ffe:2900::/24', '2001:440::/35', '2001:478::/32', '2001:440::/32'])
16086	set(['2001:1a58::/32', '2001:14b8::/32'])
23787	set(['2001:d90::/32'])
4750	set(['3ffe:4014::/32'])
23789	set(['2001:218:2100::/40'])
6772	set(['2001:4060::/32'])
6696	set(['2001:898::/32'])
13039	set(['2001:40b8::/32'])
3758	set(['2001:c20::/32'])
25137	set(['2001:b18::/32'])
12968	set(['3ffe:401b::/32', '2001:16b0::/32'])
16237	set(['2001:14a0::/32'])
2200	set(['3ffe:300::/24', '2001:660::/32'])
5430	set(['2001:748::/32'])
13285	set(['2001:7e0::/32', '2001:7e0::/35'])
20718	set(['2001:ba0::/32'])
1251	set(['3ffe:2b00::/24'])
8070	set(['3ffe:8310::/28'])
6680	set(['2001:798::/35'])
29838	set(['2001:1980::/32'])
29422	set(['2001:1bc8::/32'])
29789	set(['2001:18b8::/32'])
10318	set(['3ffe:3800::/24', '3ffe:1300::/24'])
1213	set(['2001:770::/35'])
786	set(['3ffe:2100::/24', '2001:630:50::/48', '2001:630::/32'])
21385	set(['2001:1b18::/32'])
1200	set(['2001:7f8:1::/48', '2001:610:140::/48', '2001:7b8:200::/48'])
15469	set(['2001:8e8::/32'])
17529	set(['2001:3b0::/32'])
17527	set(['2001:218:1810::/44', '2001:368::/32'])
8267	set(['2001:6d8::/35'])
17522	set(['3ffe:81c0::/28'])
16838	set(['2001:503:231d::/48', '2001:503:c27::/48', '2001:503:ff39::/48', '3ffe:4::/48'])
4685	set(['2001:c28::/32'])
4680	set(['2001:358::/35'])
2895	set(['2001:640::/32'])
4688	set(['3ffe:511::/32', '2001:300::/32'])
2108	set(['2001:b68::/32'])
8664	set(['2001:6a0::/32', '3ffe:8010::/28'])
1103	set(['2001:610::/32', '2002::/16', '3ffe:600::/24'])
21193	set(['2001:a50::/32'])
2514	set(['2001:2c0::/32', '2001:2c0::/35'])
2516	set(['2001:268::/32'])
2107	set(['2001:1470::/32'])
9612	set(['3ffe:8230::/28', '3ffe:508::/32'])
9619	set(['2001:cf8::/32'])
9186	set(['2001:a40::/32'])
8565	set(['2001:4000::/32'])
20794	set(['3ffe:400d::/32'])
8560	set(['2001:8d8::/32'])
9595	set(['2001:3d8::/32'])
2486	set(['2001:660:3006::/48'])
5050	set(['2001:5e8::/32', '2001:5e8::/33'])
13189	set(['2001:be8::/32'])
7570	set(['2001:388::/32'])
3185	set(['2001:630:80::/48'])
12353	set(['2001:818::/32'])
12355	set(['2001:14f0::/32'])
9416	set(['2001:d58::/32'])
6730	set(['2001:1700::/27'])
12600	set(['2001:1668::/32'])
4795	set(['2001:e00::/32'])
8319	set(['3ffe:3500::/24'])
9044	set(['2001:1680::/32', '3ffe:8150::/28'])
1955	set(['2001:738::/32'])
3221	set(['3ffe:200:25::/48', '2001:bb8:2002::/48', '2001:bb8::/32'])
3549	set(['2001:450::/35', '2001:528::/32'])
7500	set(['2001:dc3::/32'])
24723	set(['2001:1a68::/32'])
3130	set(['2001:418:1::/48'])
15600	set(['2001:1a88::/32'])
18098	set(['2001:c40::/32'])
210	set(['2001:1948::/32'])
2847	set(['2001:778::/32'])
766	set(['3ffe:3300::/24', '2001:720::/32'])
3320	set(['3ffe:80a0::/28', '2001:7a0::/32'])
27552	set(['3ffe:401d:8000::/35'])
3327	set(['2001:ad0::/32', '2001:670:8b::/48', '3ffe:1200:3028:88a0::/64', '3ffe:200:48::/48'])
12779	set(['2002::/16', '2001:1418::/32'])
4702	set(['2001:3f0::/32'])
23910	set(['2001:da8::/32'])
23911	set(['2001:7fa:5::/48'])
8220	set(['2001:920::/32'])
8228	set(['2001:a28::/32'])
25108	set(['2001:1b40::/32'])
5511	set(['2001:688::/32'])
16023	set(['2001:a68::/32'])
29686	set(['2001:1bc0::/32'])
2497	set(['2001:240::/32', '3ffe:8020::/28'])
4645	set(['2001:2e0::/32'])
8708	set(['2001:1518::/32'])
20612	set(['2001:7f8:24::/48'])
9264	set(['3ffe:3600:18::/48', '2001:d20:ffff::/48', '2001:c08::/32', '3ffe:4001::/32', '2001:cd8:9::/48', '2001:288:3b0::/44'])
23774	set(['2001:dc4::/32'])
12859	set(['2002::/16', '2001:7b8::/32'])
6453	set(['2001:5a0::/32'])
5602	set(['2001:1450::/32'])
12853	set(['2001:940::/32', '3ffe:400:3b0::/48'])
5609	set(['3ffe:1000::/24', '2001:6b8::/32', '3ffe:4011::/32'])
25208	set(['2001:b60::/32'])
5568	set(['2001:6d0::/32'])
15180	set(['3ffe:2b00:1003::/48'])
5693	set(['2001:1990::/32'])
1853	set(['2001:628::/30'])
13300	set(['3ffe:1f00::/24'])
1257	set(['2001:698::/32', '2001:1580::/32'])
6066	set(['2001:570::/48'])
6062	set(['2001:18e0::/32'])
31103	set(['2001:1b60::/32'])
2602	set(['2001:a18::/32', '3ffe:4004::/32'])
2603	set(['2001:948::/32'])
2609	set(['2001:970::/32'])
3263	set(['3ffe:100::/24'])
1930	set(['2001:690::/32', '3ffe:3100::/24'])
3265	set(['3ffe:8280::/28', '2002::/16', '2001:888::/32'])
9316	set(['2001:e78::/32'])
8954	set(['2001:6e0::/35', '3ffe:8110::/28'])
17935	set(['3ffe:517::/32'])
6830	set(['2001:730::/32', '2001:730:2::/48', '3ffe:80b0:1002::/48', '3ffe:2501:100::/48'])
25336	set(['3ffe:80e0::/28'])
15897	set(['3ffe:82d0::/28'])
16131	set(['2001:1be8::/32'])
12634	set(['2001:960::/32'])
7018	set(['2001:d80::/32', '2001:1890::/32', '2001:1be0::/32'])
7660	set(['2001:200:900::/40', '3ffe:8140::/28'])
18592	set(['2001:448:3::/48'])
12638	set(['2001:1a28::/32'])
12732	set(['2001:bf0::/32'])
31968	set(['3ffe:401d:a220::/43'])
29259	set(['2001:1b10::/32'])
3212	set(['2001:1688::/32'])
4741	set(['3ffe:4018::/32', '3ffe:400b:6006::/48'])
4747	set(['2001:c50::/32'])
8823	set(['2001:ad8::/32'])
16004	set(['2001:1ac0::/32'])
18262	set(['3ffe:8370::/28'])
13129	set(['2001:978::/32'])
25358	set(['3ffe:4013::/32'])
2819	set(['2001:af0::/32'])
2586	set(['3ffe:200:3a::/48'])
25384	set(['2001:15f8::/32'])
16186	set(['2001:820::/32'])
4608	set(['2001:dc0:2000::/35'])
224	set(['2001:700::/32', '2001:700:e000::/35'])
{7860,65002}	set(['2001:410::/35'])
5424	set(['3ffe:8060::/28', '2001:850::/32'])
11588	set(['2001:1938::/32'])
1741	set(['2001:708::/32'])
6695	set(['2001:7f8::/48'])
21221	set(['2001:15b0::/32'])
12895	set(['3ffe:8034:10::/48'])
12767	set(['2001:b80::/32'])
17419	set(['2001:238::/32'])
20712	set(['2001:8b0::/32'])
25560	set(['2001:1a50::/32'])
17511	set(['2001:ce8::/32'])
1897	set(['2001:b28::/32'])
4691	set(['2001:2e8::/32', '3ffe:8080::/28'])
6342	set(['3ffe:8240::/28', '2001:498::/32'])
4694	set(['2001:310::/32'])
4697	set(['3ffe:1800::/24'])
29670	set(['2001:bf0:c000::/35'])
29678	set(['2001:618:200::/40', '2001:15f0::/32'])
30726	set(['2001:4028::/32'])
1299	set(['2001:6c0::/35', '2001:2000::/20'])
8676	set(['2001:1420::/32'])
8674	set(['2001:698:9::/48'])
{2884,7860,8111,15296,26677,65002}	set(['2001:410::/32'])
2500	set(['2001:200::/32', '3ffe:500::/24'])
9600	set(['2001:298::/32'])
9607	set(['2001:370::/32'])
9196	set(['2001:1ba8::/32'])
12558	set(['2001:15d0::/32'])
8002	set(['2001:458::/35', '3ffe:80c0::/28'])
3786	set(['2001:270::/32'])
6461	set(['2001:438::/35'])
7580	set(['3ffe:8000::/28'])
12414	set(['2001:9e0::/32'])
3425	set(['3ffe:3900::/24'])
4589	set(['2001:6f8::/32'])
21392	set(['2001:990::/32'])
